"orf","pos","mrna_con","gdna_reads","gdna_con","octo10_A","octo10_C","octo10_G","octo10_T","octo10_tot","octo4_A","octo4_C","octo4_G","octo4_T","octo4_tot","octo6_A","octo6_C","octo6_G","octo6_T","octo6_tot","octo7_A","octo7_C","octo7_G","octo7_T","octo7_tot","octo8_A","octo8_C","octo8_G","octo8_T","octo8_tot","octo9_A","octo9_C","octo9_G","octo9_T","octo9_tot","genomic_codon","edited_codon","genomic_aa","edited_aa","edit_pos","upstream_base","downstream_base","A","C","G","T","edited","edited_reads","octo10_per","octo4_per","octo6_per","octo7_per","octo8_per","octo9_per","tstat","pval","padj","acc","protein_name","diff","blast"
"lcl|TRINITY_DN90_c0_g1_i16:425-2539",1862,"G",86,"A",120,0,34,0,154,152,0,44,0,196,0,0,16,0,16,44,0,10,0,54,125,0,11,0,136,196,0,49,0,245,"ATA","ATG","Ile","Met",2,"T","T",637,0,164,0,"G",164,0.220779220779221,0.224489795918367,1,0.185185185185185,0.0808823529411765,0.2,19.2013314188858,9.29750258142425e-05,0.000282126897190237,"Q08BW0.1","OTU domain-containing protein 5-A (EC 3.4.19.12) (Deubiquitinating enzyme A) (DUBA)",0.206932840476258,"PREDICTED: Octopus sinensis toll-like receptor 4 (LOC115215386), transcript variant X2, mRNA"
"lcl|TRINITY_DN13367_c0_g1_i1:c1219-152",1057,"A",31,"A",137,0,1,0,138,73,0,0,0,73,0,0,33,0,33,93,0,0,0,93,127,0,0,0,127,75,0,0,0,75,"AAA","AGA","Lys","Arg",1,"A","A",505,0,34,0,"G",34,0.00724637681159424,0,1,0,0,0,96.8736290225566,5.46911916554367e-06,1.6765685101281e-05,"Q6QI06.2","Rapamycin-insensitive companion of mTOR (AVO3 homolog) (mAVO3) (Protein pianissimo)",0.330917874396135,"PREDICTED: Octopus sinensis shiftless antiviral inhibitor of ribosomal frameshifting protein homolog (LOC115209850), mRNA"
"lcl|TRINITY_DN318_c11_g1_i1:57-302",202,"A",246,"A",23,0,1,0,24,37,0,0,0,37,0,0,14,0,14,32,0,3,0,35,38,0,0,0,38,31,0,3,0,34,"AAC","AGC","Asn","Ser",1,"A","C",161,0,21,0,"G",21,0.0416666666666666,0,1,0.0857142857142857,0,0.0882352941176471,8.84018536210657,0.000450655419240799,0.00133250138706564,"E7EY42.1","Phosphatidylserine synthase 2 (PSS-2) (PtdSer synthase 2) (EC 2.7.8.29) (Serine-exchange enzyme II)",0.318604108309991,"PREDICTED: Octopus bimaculoides zinc finger protein 492 (LOC106883478), transcript variant X2, mRNA"
"lcl|TRINITY_DN7276_c0_g1_i14:447-596",37,"A",231,"A",52,0,0,0,52,87,0,0,0,87,8,0,12,0,20,55,0,3,0,58,99,0,0,0,99,65,0,2,0,67,"AAT","AGT","Asn","Ser",1,"A","T",366,0,17,0,"G",17,0,0,0.6,0.0517241379310345,0,0.0298507462686567,14.7309848915122,0.000152041512802114,0.000458634227736049,"Q96DM1.3","PiggyBac transposable element-derived protein 4",0.207291130554126,"PREDICTED: Octopus bimaculoides zinc finger protein 665 (LOC106878974), transcript variant X2, misc_RNA"
"lcl|TRINITY_DN655_c1_g2_i2:c1300-131",427,"A",56,"A",86,0,3,0,89,93,0,3,0,96,0,0,24,0,24,147,0,1,0,148,214,0,0,1,215,58,0,3,0,61,"AAG","AGG","Lys","Arg",1,"A","G",598,0,34,1,"G",34,0.0337078651685393,0.03125,1,0.0067567567567568,0.00465116279069766,0.0491803278688525,37.6839512985796,2.95332434939358e-05,9.02928322405831e-05,"P49582.1","Neuronal acetylcholine receptor subunit alpha-7",0.299089908836688,"PREDICTED: Octopus sinensis leucine-rich repeat-containing protein 59-like (LOC115229233), transcript variant X3, misc_RNA"
"lcl|TRINITY_DN3745_c1_g1_i2:c7809-1324",1137,"A",67,"A",15,0,12,0,27,22,0,15,0,37,16,0,0,0,16,14,0,10,0,24,44,0,9,0,53,13,0,14,0,27,"AGC","GGC","Ser","Gly",0,"C","G",124,0,60,0,"G",60,0.444444444444444,0.405405405405405,0,0.416666666666667,0.169811320754717,0.518518518518519,5.55586856442155,0.00129508741840074,0.00370530164527435,"Q5SXM1.1","Zinc finger protein 678",0.260630126982328,"PREDICTED: Octopus bimaculoides uncharacterized LOC106872677 (LOC106872677), transcript variant X2, mRNA"
"lcl|TRINITY_DN22912_c0_g1_i1:76-468",310,"A",146,"A",29,0,3,1,33,52,0,3,0,55,9,0,47,0,56,59,2,3,0,64,34,0,5,4,43,25,0,1,0,26,"AAC","AGC","Asn","Ser",1,"A","C",208,2,62,5,"G",62,0.121212121212121,0.0545454545454546,0.839285714285714,0.078125,0.209302325581395,0.0384615384615384,8.49031943032203,0.000494408372565148,0.00145861152165611,"P16425.1","Putative 115 kDa protein in type-1 retrotransposable element R1DM (ORF 2) (Putative 115 kDa protein in type I retrotransposable element R1DM)",0.304164641882665,"PREDICTED: Octopus bimaculoides zinc finger protein OZF (LOC106868789), mRNA"
"lcl|TRINITY_DN16006_c2_g1_i1:3-275",217,"A",215,"A",23,0,0,0,23,23,0,0,0,23,0,0,15,0,15,71,0,0,3,74,70,0,0,0,70,52,0,0,1,53,"AAT","AGT","Asn","Ser",1,"A","T",239,0,15,4,"G",15,0,0,1,0.0405405405405406,0,0.0188679245283019,38.2888766515472,2.95332434939358e-05,9.02928322405831e-05,"Q6ZQ89.2","E3 ubiquitin-protein ligase MARCHF6 (EC 2.3.2.27) (Membrane-associated RING finger protein 6) (Membrane-associated RING-CH protein VI) (MARCH-VI) (RING-type E3 ubiquitin transferase MARCHF6)",0.340557538670746,"Octopus vulgaris genome assembly, chromosome: 27"
"lcl|TRINITY_DN6800_c0_g1_i3:c1389-262",859,"A",96,"A",91,0,0,0,91,157,0,0,0,157,21,0,40,0,61,135,0,0,0,135,152,0,0,0,152,128,0,5,0,133,"AAG","AGG","Lys","Arg",1,"A","G",684,0,45,0,"G",45,0,0,0.655737704918033,0,0,0.0375939849624061,11.6266901890181,0.000242828890950139,0.000726709165160462,"Q8UVR5.1","Bromodomain adjacent to zinc finger domain protein 1A (ATP-utilizing chromatin assembly and remodeling factor 1) (xACF1)",0.206047906651876,"PREDICTED: Octopus sinensis methyl-CpG-binding domain protein 4 (LOC115221337), mRNA"
"lcl|TRINITY_DN3000_c1_g2_i1:376-2292",1608,"A",78,"A",70,0,13,0,83,165,0,10,0,175,22,0,41,0,63,84,0,28,0,112,114,0,20,0,134,127,0,17,0,144,"AGA","GGA","Arg","Gly",0,"A","G",582,0,129,0,"G",129,0.156626506024096,0.0571428571428572,0.650793650793651,0.25,0.149253731343284,0.118055555555556,5.84576560636841,0.00116273473459459,0.00334145929249448,"Q8TF32.2","Zinc finger protein 431",0.239407487804808,"PREDICTED: Octopus bimaculoides leucine-rich repeat and fibronectin type-III domain-containing protein 4 (LOC106870280), mRNA"
"lcl|TRINITY_DN9240_c0_g3_i1:c393-286",69,"A",252,"A",37,0,7,0,44,30,0,5,0,35,0,0,14,0,14,59,0,0,0,59,81,0,4,0,85,54,0,3,0,57,"AAT","GAT","Asn","Asp",0,"C","A",261,0,33,0,"G",33,0.159090909090909,0.142857142857143,1,0,0.0470588235294118,0.0526315789473685,4.92898634119555,0.00168558252682056,0.00476549492114511,"Q5R5Y7.1","Zinc finger protein 436",0.230826397544664,"Eledone cirrhosa genome assembly, chromosome: 26"
"lcl|TRINITY_DN528_c0_g3_i2:c2835-1504",304,"A",54,"A",138,0,15,0,153,261,0,19,0,280,0,0,56,0,56,154,0,17,0,171,116,0,10,0,126,157,0,9,0,166,"GAG","GGG","Glu","Gly",1,"G","G",826,0,126,0,"G",126,0.0980392156862745,0.0678571428571428,1,0.0994152046783626,0.0793650793650794,0.0542168674698795,17.4522102967587,0.000107194735644656,0.00032465830783795,"P17026.3","Zinc finger protein 22 (Zinc finger protein KOX15) (Zinc finger protein Krox-26)",0.319555686010048,"PREDICTED: Octopus sinensis AP-2 complex subunit mu (LOC115222476), mRNA"
"lcl|TRINITY_DN26964_c2_g3_i2:212-337",52,"A",18,"A",13,0,1,0,14,33,0,0,0,33,1,0,27,0,28,28,0,0,0,28,13,0,0,0,13,24,0,0,0,24,"GAG","GGG","Glu","Gly",1,"G","G",112,0,28,0,"G",28,0.0714285714285714,0,0.964285714285714,0,0,0,8.83883476483185,0.000450655419240799,0.00133250138706564,"C6KFA3.1","Adhesion G-protein coupled receptor G6 (G-protein coupled receptor 126) [Cleaved into: ADGRG6 N-terminal fragment (ADGRG6-NTF); ADGRG6 C-terminal fragment (ADGRG6-CTF)]",0.297619047619048,"PREDICTED: Octopus bimaculoides zinc finger protein 883 (LOC106868637), transcript variant X6, mRNA"
"lcl|TRINITY_DN8756_c0_g1_i15:c243-1",183,"A",728,"A",79,0,0,0,79,108,0,0,5,113,3,0,37,0,40,134,0,0,0,134,100,0,0,0,100,98,0,0,0,98,"ACT","GCT","Thr","Ala",0,"A","C",522,0,37,5,"G",37,0,0.0442477876106194,0.925,0,0,0,14.0749604795182,0.000167355046465636,0.000504097886797968,"P11833.1","Tubulin beta chain (Beta-tubulin)",0.29358407079646,"Eledone cirrhosa genome assembly, chromosome: 24"
"lcl|TRINITY_DN3222_c0_g1_i2:622-3777",646,"A",65,"A",74,0,10,0,84,110,0,4,0,114,29,0,53,0,82,100,0,18,0,118,101,0,14,0,115,96,0,13,0,109,"AAT","AGT","Asn","Ser",1,"A","T",510,0,112,0,"G",112,0.119047619047619,0.0350877192982456,0.646341463414634,0.152542372881356,0.121739130434783,0.119266055045872,5.44377789454101,0.00134540331472374,0.00384331145357427,"Q8BGE6.2","Cysteine protease ATG4B (EC 3.4.22.-) (AUT-like 1 cysteine endopeptidase) (Autophagy-related cysteine endopeptidase 1) (Autophagin-1) (Autophagy-related protein 4 homolog B) (MmAPG4B)",0.215740524446346,"PREDICTED: Octopus sinensis hamartin (LOC115215552), transcript variant X3, mRNA"
"lcl|TRINITY_DN16174_c0_g1_i1:47-397",39,"A",135,"A",33,0,0,0,33,34,2,0,0,36,27,10,34,0,71,29,1,7,0,37,25,2,1,0,28,47,5,1,0,53,"ATC","GTC","Ile","Val",0,"T","T",195,20,43,0,"G",43,0,0.0555555555555556,0.619718309859155,0.216216216216216,0.107142857142857,0.113207547169811,5.58433466750361,0.0012896182992352,0.00369131839256769,"Q6ZRS2.3","Helicase SRCAP (EC 3.6.4.-) (Domino homolog 2) (Snf2-related CBP activator)",0.258104760164287,"PREDICTED: Octopus bimaculoides zinc finger protein 850 (LOC106871808), mRNA"
"lcl|TRINITY_DN44874_c0_g1_i1:c356-3",145,"A",95,"A",29,0,3,0,32,50,0,3,0,53,12,0,25,0,37,33,0,1,0,34,35,0,5,0,40,42,0,0,0,42,"AAA","AGA","Lys","Arg",1,"A","A",201,0,37,0,"G",37,0.09375,0.0566037735849056,0.675675675675676,0.0294117647058824,0.125,0,5.87795308045489,0.00114632737709795,0.00329600400700139,"Q9NDJ2.2","Helicase domino (EC 3.6.4.-)",0.226577888932217,"PREDICTED: Octopus bimaculoides zinc finger protein 239 (LOC106868867), transcript variant X3, mRNA"
"lcl|TRINITY_DN30221_c0_g3_i1:c321-1",90,"A",80,"A",20,0,3,0,23,22,1,0,0,23,3,0,12,0,15,14,1,0,0,15,17,0,2,1,20,17,0,0,0,17,"ATT","GTT","Ile","Val",0,"C","T",93,2,17,1,"G",17,0.130434782608696,0.0434782608695652,0.8,0.0666666666666667,0.15,0,5.18041373906916,0.00152588424718669,0.00433718062849962,"Q8VCB2.1","Mediator of RNA polymerase II transcription subunit 25 (Mediator complex subunit 25) (mMED25)",0.280917874396135,"PREDICTED: Octopus bimaculoides zinc finger protein 91-like (LOC106871001), mRNA"
"lcl|TRINITY_DN27266_c1_g1_i1:116-304",114,"A",90,"A",26,0,1,0,27,20,0,0,0,20,41,0,0,0,41,27,0,1,2,30,5,0,6,2,13,38,0,2,0,40,"ACA","GCA","Thr","Ala",0,"T","C",157,0,10,4,"G",10,0.0370370370370371,0,0,0.1,0.615384615384615,0.05,9.88601033732966,0.000346742155095469,0.00103075080032878,"Q9H172.2","ATP-binding cassette sub-family G member 4 (EC 7.6.2.-)",0.209449192782526,"PREDICTED: Octopus bimaculoides zinc finger protein 492 (LOC106883478), transcript variant X2, mRNA"
"lcl|TRINITY_DN4315_c11_g1_i1:38-211",97,"A",31,"A",37,0,0,0,37,27,0,1,0,28,1,0,14,0,15,57,0,0,0,57,39,0,0,0,39,15,0,1,0,16,"AAC","AGC","Asn","Ser",1,"A","C",176,0,16,0,"G",16,0,0.0357142857142857,0.933333333333333,0,0,0.0625,10.8730291438386,0.000287675668107597,0.000858455502426154,"Q5EAE6.3","Death-associated protein 1 (DAP-1)",0.278373015873016,"PREDICTED: Octopus bimaculoides zinc finger protein 271 (LOC106879167), transcript variant X4, mRNA"
"lcl|TRINITY_DN1242_c13_g1_i1:186-4100",3378,"A",66,"A",49,0,4,0,53,67,0,0,0,67,0,0,45,0,45,21,0,6,0,27,44,0,1,0,45,32,0,1,0,33,"AGC","GGC","Ser","Gly",0,"T","G",213,0,57,0,"G",57,0.0754716981132075,0,1,0.222222222222222,0.0222222222222223,0.0303030303030303,12.2398979685553,0.000225327709620399,0.000675731455283926,"O02751.2","Craniofacial development protein 2 (p97 bucentaur protein)",0.379556572009402,"PREDICTED: Octopus bimaculoides tyrosine-protein kinase Abl (LOC106872032), transcript variant X1, mRNA"
"lcl|TRINITY_DN23601_c0_g3_i1:15-416",231,"A",57,"A",21,0,0,1,22,38,0,0,0,38,10,0,12,0,22,33,0,0,1,34,12,0,0,3,15,27,0,0,0,27,"ACC","GCC","Thr","Ala",0,"A","C",141,0,12,5,"G",12,0.0454545454545454,0,0.545454545454545,0.0294117647058824,0.2,0,11.3469841122171,0.000255954776947444,0.000765432905743778,"P21329.1","RNA-directed DNA polymerase from mobile element jockey (EC 2.7.7.49) (Reverse transcriptase)",0.243137254901961,"PREDICTED: Octopus sinensis zinc finger protein OZF (LOC115213851), transcript variant X6, mRNA"
"lcl|TRINITY_DN9747_c1_g1_i2:88-1080",978,"A",44,"A",35,0,0,0,35,81,0,1,0,82,27,0,73,0,100,62,0,0,0,62,52,0,0,0,52,72,0,0,0,72,"AGG","GGG","Arg","Gly",0,"T","G",329,0,74,0,"G",74,0,0.0121951219512195,0.73,0,0,0,41.6203051406401,2.62517719946096e-05,8.02981000428834e-05,"Q9BDJ5.1","Pantetheinase (EC 3.5.1.92) (Pantetheine hydrolase) (Vascular non-inflammatory molecule 1) (Vanin-1)",0.239268292682927,"PREDICTED: Octopus bimaculoides NAD-dependent protein deacylase (LOC106882983), mRNA"
"lcl|TRINITY_DN338_c3_g1_i2:18-140",97,"A",154,"A",16,0,1,0,17,42,0,1,0,43,4,0,8,0,12,27,0,0,0,27,48,2,1,0,51,60,0,1,0,61,"AAT","AGT","Asn","Ser",1,"A","T",197,2,12,0,"G",12,0.0588235294117647,0.0232558139534884,0.666666666666667,0,0.0588235294117647,0.0163934426229508,11.2389887597292,0.000263611543779205,0.000787916995035337,"O00370.1","LINE-1 retrotransposable element ORF2 protein (ORF2p) [Includes: Reverse transcriptase (EC 2.7.7.49); Endonuclease (EC 3.1.21.-)]",0.209005803363409,"PREDICTED: Octopus bimaculoides zinc finger protein 429 (LOC106883481), transcript variant X2, mRNA"
"lcl|TRINITY_DN106061_c1_g1_i1:56-262",96,"A",2917,"A",31,0,0,0,31,41,0,3,0,44,7,0,11,0,18,25,0,4,0,29,32,0,0,0,32,30,0,0,0,30,"AAA","GAA","Lys","Glu",0,"C","A",166,0,18,0,"G",18,0,0.0681818181818182,0.611111111111111,0.137931034482759,0,0,7.06113400012466,0.000768958154675441,0.00224164062263978,"A0A1W2PQL4.1","Zinc finger protein 722",0.226953442470684,"PREDICTED: Octopus sinensis zinc finger protein 22-like (LOC118768086), mRNA"
"lcl|TRINITY_DN54063_c0_g1_i2:c188-3",145,"A",60,"A",14,0,0,0,14,59,0,0,0,59,2,0,18,0,20,47,0,0,0,47,49,0,5,0,54,60,0,3,0,63,"AAA","AGA","Lys","Arg",1,"A","A",231,0,26,0,"G",26,0,0,0.9,0,0.0925925925925926,0.0476190476190477,14.0321412355464,0.000167355046465636,0.000504097886797968,"Q8BGV5.1","Zinc finger protein 8 (Zinc finger protein 128)",0.314991181657848,"Eledone cirrhosa genome assembly, chromosome: 17"
"lcl|TRINITY_DN10664_c3_g1_i1:c226-2",123,"A",67,"A",26,0,0,0,26,32,0,3,0,35,12,0,23,0,35,30,0,0,4,34,41,0,2,0,43,12,0,1,0,13,"AAA","GAA","Lys","Glu",0,"T","A",153,0,29,4,"G",29,0,0.0857142857142857,0.657142857142857,0.117647058823529,0.0465116279069767,0.0769230769230769,5.7024778402036,0.001227270340748,0.00352018277589333,"Q5EFX7.1","GTPase KRas (EC 3.6.5.2) (Ki-Ras) (K-ras)",0.219554727078667,"PREDICTED: Octopus bimaculoides zinc finger protein 271 (LOC106868858), mRNA"
"lcl|TRINITY_DN887_c2_g1_i2:c2162-105",1378,"A",37,"A",46,0,5,0,51,40,0,0,0,40,0,0,19,0,19,68,0,3,0,71,42,0,5,0,47,27,0,0,0,27,"AAG","AGG","Lys","Arg",1,"A","G",223,0,32,0,"G",32,0.0980392156862745,0,1,0.0422535211267606,0.106382978723404,0,7.57742153207026,0.000650825180699697,0.00190675867519337,"P51122.2","Acidic leucine-rich nuclear phosphoprotein 32 family member A (Leucine-rich acidic nuclear protein) (LANP) (Potent heat-stable protein phosphatase 2A inhibitor I1PP2A)",0.350199094721297,"PREDICTED: Octopus sinensis sodium/hydrogen exchanger 9 (LOC115220012), transcript variant X10, mRNA"
"lcl|TRINITY_DN4376_c0_g1_i3:c407-48",88,"A",54,"A",19,0,0,0,19,30,0,2,0,32,2,0,25,0,27,35,0,0,0,35,35,0,0,0,35,12,0,0,0,12,"TAT","TGT","Tyr","Cys",1,"T","T",133,0,27,0,"G",27,0,0.0625,0.925925925925926,0,0,0,9.76854923639193,0.000358774217259665,0.00106596212673039,"P14381.1","Transposon TX1 uncharacterized 149 kDa protein (ORF 2)",0.287808641975309,"PREDICTED: Octopus bimaculoides zinc finger protein 208 (LOC106872078), partial mRNA"
"lcl|TRINITY_DN75977_c0_g1_i1:27-230",84,"A",16,"A",11,1,0,0,12,32,0,1,0,33,9,0,6,0,15,9,0,9,0,18,10,1,4,0,15,22,0,1,0,23,"ATG","GTG","Met","Val",0,"C","T",93,2,21,0,"G",21,0.0833333333333334,0.0303030303030303,0.4,0.5,0.333333333333333,0.0434782608695652,15.912620402367,0.000125789740807505,0.00038019719735007,"Q2VPU4.1","MLX-interacting protein (Transcriptional activator MondoA)",0.358739569609135,"PREDICTED: Octopus bimaculoides zinc finger protein 271-like (LOC128251213), partial mRNA"
"lcl|TRINITY_DN26964_c2_g3_i2:212-337",82,"A",18,"A",17,0,2,0,19,34,0,0,0,34,1,0,29,0,30,26,0,2,0,28,14,0,3,0,17,20,0,1,0,21,"GAT","GGT","Asp","Gly",1,"G","T",112,0,37,0,"G",37,0.105263157894737,0,0.966666666666667,0.0714285714285714,0.176470588235294,0.0476190476190477,8.22275884807291,0.000537067502056389,0.00158080747919968,"Q9CR78.1","Myb/SANT-like DNA-binding domain-containing protein 3",0.353894540272249,"PREDICTED: Octopus bimaculoides zinc finger protein 883 (LOC106868637), transcript variant X6, mRNA"
"lcl|TRINITY_DN8340_c1_g1_i1:52-2340",2002,"A",68,"A",42,0,2,0,44,48,0,0,0,48,0,0,30,0,30,47,0,8,0,55,65,0,0,0,65,17,0,0,0,17,"AAG","AGG","Lys","Arg",1,"A","G",219,0,40,0,"G",40,0.0454545454545454,0,1,0.145454545454546,0,0,17.1119841047145,0.0001126638548102,0.000341089322671128,"P21328.1","RNA-directed DNA polymerase from mobile element jockey (EC 2.7.7.49) (Reverse transcriptase)",0.366666666666667,"PREDICTED: Octopus sinensis RNA-binding protein 33-like (LOC115215009), transcript variant X1, mRNA"
"lcl|TRINITY_DN288_c5_g1_i1:c2345-1662",126,"A",52,"A",59,0,10,0,69,126,0,37,0,163,0,0,12,0,12,97,0,25,0,122,111,0,19,0,130,85,0,15,0,100,"ACC","GCC","Thr","Ala",0,"T","C",478,0,118,0,"G",118,0.144927536231884,0.226993865030675,1,0.204918032786885,0.146153846153846,0.15,7.36080558750091,0.000702234900855808,0.0020533908847633,"Q96NI8.1","Zinc finger protein 570",0.276383492559391,"PREDICTED: Octopus bimaculoides tetraspanin-13 (LOC106881683), transcript variant X2, mRNA"
"lcl|TRINITY_DN5002_c3_g1_i1:c1267-107",84,"A",193,"A",41,0,0,0,41,40,0,0,0,40,0,0,11,0,11,87,0,0,0,87,56,0,0,0,56,64,0,1,0,65,"AGT","GGT","Ser","Gly",0,"T","G",288,0,12,0,"G",12,0,0,1,0,0,0.0153846153846153,45.2548339959392,2.29703004952834e-05,7.02924071365217e-05,"Q16I17.1","Methylthioribose-1-phosphate isomerase (M1Pi) (MTR-1-P isomerase) (EC 5.3.1.23) (S-methyl-5-thioribose-1-phosphate isomerase) (Translation initiation factor eIF-2B subunit alpha/beta/delta-like protein)",0.328205128205128,"PREDICTED: Octopus bimaculoides sodium-dependent glucose transporter 1 (LOC106876695), transcript variant X2, mRNA"
"lcl|TRINITY_DN9240_c0_g3_i1:c393-286",64,"A",261,"A",47,0,6,0,53,39,0,4,0,43,0,0,11,0,11,70,0,0,0,70,93,0,4,0,97,63,0,2,0,65,"CAC","CGC","His","Arg",1,"C","C",312,0,27,0,"G",27,0.113207547169811,0.0930232558139535,1,0,0.0412371134020618,0.0307692307692308,7.64069606041802,0.000634417823203066,0.00185978185548227,"A8MTY0.3","Zinc finger protein 724",0.268079026549689,"Eledone cirrhosa genome assembly, chromosome: 26"
"lcl|TRINITY_DN8756_c0_g1_i15:c243-1",186,"A",701,"A",76,0,1,0,77,90,0,0,5,95,4,0,35,0,39,126,0,0,0,126,96,0,0,0,96,94,0,0,0,94,"ACT","GCT","Thr","Ala",0,"T","C",486,0,36,5,"G",36,0.012987012987013,0.0526315789473685,0.897435897435897,0,0,0,12.3856450642782,0.000220952414287964,0.000662824010868792,"Q9CPU9.1","Protein SLC31A2 (Copper transporter 2) (CTR2) (Solute carrier family 31 member 2)",0.277272435167172,"Eledone cirrhosa genome assembly, chromosome: 24"
"lcl|TRINITY_DN40751_c0_g2_i2:1-270",100,"A",36,"A",24,0,2,0,26,49,0,0,0,49,4,0,14,1,19,38,0,0,1,39,47,0,2,0,49,17,0,0,0,17,"TAT","TGT","Tyr","Cys",1,"T","T",179,0,18,2,"G",18,0.0769230769230769,0,0.789473684210526,0.0256410256410257,0.0408163265306123,0,7.16094353951361,0.000744894030347048,0.00217394082885438,"O00370.1","LINE-1 retrotransposable element ORF2 protein (ORF2p) [Includes: Reverse transcriptase (EC 2.7.7.49); Endonuclease (EC 3.1.21.-)]",0.259669319819696,"PREDICTED: Octopus sinensis endothelial zinc finger protein induced by tumor necrosis factor alpha-like (LOC115214423), partial mRNA"
"lcl|TRINITY_DN10051_c0_g1_i1:65-211",103,"A",359,"A",24,0,2,0,26,56,0,0,0,56,0,0,16,0,16,50,0,0,0,50,26,0,1,0,27,26,0,0,0,26,"CAC","CGC","His","Arg",1,"C","C",182,0,19,0,"G",19,0.0769230769230769,0,1,0,0.0370370370370371,0,8.82574019480988,0.000452843066907016,0.00133884224790391,"Q5XIP1.1","Protein pelota homolog",0.320037986704653,"Eledone cirrhosa genome assembly, chromosome: 24"
"lcl|TRINITY_DN19059_c1_g1_i1:8-364",220,"A",55,"A",21,0,0,0,21,20,1,1,0,22,5,0,25,0,30,36,0,1,0,37,35,0,1,0,36,20,0,0,0,20,"TAC","TGC","Tyr","Cys",1,"T","C",137,1,28,0,"G",28,0,0.0909090909090909,0.833333333333333,0.027027027027027,0.0277777777777778,0,6.20098672000004,0.00103694499378708,0.0029946667701614,"P07742.2","Ribonucleoside-diphosphate reductase large subunit (EC 1.17.4.1) (Ribonucleoside-diphosphate reductase subunit M1) (Ribonucleotide reductase large subunit)",0.265743015743016,"PREDICTED: Octopus sinensis zinc finger protein 91-like (LOC118768065), mRNA"
"lcl|TRINITY_DN7506_c0_g1_i1:553-3585",9,"A",48,"A",32,0,0,0,32,28,0,3,0,31,0,0,19,0,19,50,0,0,0,50,29,0,0,0,29,42,0,0,0,42,"AGA","GGA","Arg","Gly",0,"A","G",181,0,22,0,"G",22,0,0.0967741935483871,1,0,0,0,6.59966329107444,0.000892560247816728,0.00259044059325771,"P17019.6","Zinc finger protein 708 (Zinc finger protein 15) (Zinc finger protein 15-like 1) (Zinc finger protein KOX8)",0.301075268817204,"Octopus vulgaris genome assembly, chromosome: 30"
"lcl|TRINITY_DN645_c0_g1_i1:c2381-3",2284,"A",120,"A",46,0,0,0,46,68,0,1,0,69,0,0,34,0,34,83,0,3,0,86,60,0,0,0,60,61,0,0,0,61,"AAC","AGC","Asn","Ser",1,"A","C",318,0,38,0,"G",38,0,0.0144927536231884,1,0.0348837209302325,0,0,49.7852506986577,1.75011813297398e-05,5.35778446762474e-05,"Q86WZ6.1","Zinc finger protein 227",0.340130322435681,"PREDICTED: Octopus sinensis carbohydrate-responsive element-binding protein (LOC115224298), transcript variant X2, mRNA"
"lcl|TRINITY_DN54079_c2_g1_i1:32-265",79,"A",16,"A",64,0,9,0,73,107,0,2,0,109,0,0,14,0,14,71,0,5,0,76,212,0,2,0,214,158,0,23,0,181,"TAC","TGC","Tyr","Cys",1,"T","C",612,0,55,0,"G",55,0.123287671232877,0.018348623853211,1,0.0657894736842105,0.00934579439252337,0.12707182320442,5.33516802959963,0.00141759568770892,0.00404176450261799,"P10073.2","Zinc finger and SCAN domain-containing protein 22 (Krueppel-related zinc finger protein 2) (Protein HKR2) (Zinc finger protein 50)",0.268809049928742,NA
"lcl|TRINITY_DN50084_c0_g1_i1:169-2079",747,"A",59,"A",90,0,11,0,101,102,0,11,0,113,0,0,33,0,33,86,0,28,0,114,64,0,1,0,65,145,0,1,0,146,"AGT","GGT","Ser","Gly",0,"A","G",487,0,85,0,"G",85,0.108910891089109,0.0973451327433629,1,0.245614035087719,0.0153846153846153,0.00684931506849318,7.65480799765361,0.00063113635170374,0.00185027884226434,"Q9DBU0.2","Transmembrane 9 superfamily member 1",0.34929777052379,"PREDICTED: Octopus bimaculoides putative mediator of RNA polymerase II transcription subunit 26 (LOC106877586), transcript variant X4, mRNA"
"lcl|TRINITY_DN124_c4_g1_i3:c2119-119",513,"A",62,"A",42,0,0,0,42,40,0,0,0,40,0,0,39,0,39,40,0,0,0,40,42,0,0,0,42,42,0,3,0,45,"ATC","GTC","Ile","Val",0,"T","T",206,0,42,0,"G",42,0,0,1,0,0,0.0666666666666667,9.89949493661167,0.000344554507429251,0.00102441122543902,"P46461.1","Vesicle-fusing ATPase 1 (EC 3.6.4.6) (N-ethylmaleimide-sensitive fusion protein 1) (NEM-sensitive fusion protein 1) (Protein comatose) (Vesicular-fusion protein NSF1) (dNsf-1) (NSF-1)",0.311111111111111,"PREDICTED: Octopus sinensis coiled-coil domain-containing protein R3HCC1L (LOC115219050), mRNA"
"lcl|TRINITY_DN61_c0_g8_i1:c4020-118",126,"A",42,"A",85,0,13,0,98,95,0,21,0,116,0,0,32,0,32,137,0,11,0,148,104,0,16,0,120,88,0,14,0,102,"AGC","GGC","Ser","Gly",0,"A","G",509,0,107,0,"G",107,0.13265306122449,0.181034482758621,1,0.0743243243243243,0.133333333333333,0.137254901960784,11.5686344663194,0.000243922714783248,0.000729857474791584,"P38412.1","Guanine nucleotide-binding protein G(q) subunit alpha (Guanine nucleotide-binding protein alpha-q)",0.252238403904588,"PREDICTED: Octopus sinensis serine-rich adhesin for platelets (LOC115213881), transcript variant X4, mRNA"
"lcl|TRINITY_DN830_c4_g1_i4:c274-125",93,"A",110,"A",11,0,9,0,20,20,0,13,0,33,0,0,16,0,16,3,0,10,0,13,18,0,14,0,32,14,0,10,0,24,"ACA","GCA","Thr","Ala",0,"C","C",66,0,72,0,"G",72,0.45,0.393939393939394,1,0.769230769230769,0.4375,0.416666666666667,13.6983906875349,0.00018157475629605,0.00054649938641812,"P60891.2","Ribose-phosphate pyrophosphokinase 1 (EC 2.7.6.1) (PPRibP) (Phosphoribosyl pyrophosphate synthase I) (PRS-I)",0.315374902874903,"PREDICTED: Octopus bimaculoides zinc finger protein 271-like (LOC106881056), mRNA"
"lcl|TRINITY_DN75977_c0_g1_i1:27-230",76,"A",17,"A",11,1,0,1,13,32,0,2,0,34,10,0,7,0,17,13,0,5,0,18,7,1,7,0,15,21,0,0,0,21,"GAA","GGA","Glu","Gly",1,"G","A",94,2,21,1,"G",21,0.153846153846154,0.0588235294117647,0.411764705882353,0.277777777777778,0.533333333333333,0,5.31259764210687,0.00142962774987312,0.00407415603298314,"Q9NXN4.1","Ganglioside-induced differentiation-associated protein 2",0.336735377911848,"PREDICTED: Octopus bimaculoides zinc finger protein 271-like (LOC128251213), partial mRNA"
"lcl|TRINITY_DN5010_c0_g1_i1:91-1137",28,"A",38,"A",81,0,10,0,91,121,0,29,0,150,0,0,69,0,69,64,0,11,0,75,109,0,8,0,117,116,0,8,0,124,"CAT","CGT","His","Arg",1,"C","T",491,0,135,0,"G",135,0.10989010989011,0.193333333333333,1,0.146666666666667,0.0683760683760684,0.0645161290322581,5.29404833540494,0.00144712893120286,0.00412209575746638,"Q63538.1","Mitogen-activated protein kinase 12 (MAP kinase 12) (MAPK 12) (EC 2.7.11.24) (Extracellular signal-regulated kinase 6) (ERK-6) (Mitogen-activated protein kinase p38 gamma) (MAP kinase p38 gamma) (Stress-activated protein kinase 3)",0.282434387595678,"PREDICTED: Octopus bimaculoides sorbitol dehydrogenase (LOC106878309), mRNA"
"lcl|TRINITY_DN2305_c0_g1_i12:c211-2",81,"A",92,"A",16,2,0,0,18,40,0,3,0,43,6,0,11,0,17,31,1,4,0,36,22,0,5,0,27,34,0,0,0,34,"AAA","GAA","Lys","Glu",0,"A","A",149,3,23,0,"G",23,0.111111111111111,0.0697674418604651,0.647058823529412,0.138888888888889,0.185185185185185,0,5.7448399551266,0.00120648768791893,0.00346277715629606,"Q86VP1.2","Tax1-binding protein 1 (TRAF6-binding protein)",0.263418114877303,"PREDICTED: Octopus bimaculoides zinc finger protein 239-like (LOC106871794), transcript variant X2, mRNA"
"lcl|TRINITY_DN1943_c0_g1_i9:c259-140",18,"A",40,"A",31,0,1,0,32,59,0,3,0,62,0,0,13,0,13,21,0,0,0,21,42,0,1,0,43,13,0,0,0,13,"AAA","GAA","Lys","Glu",0,"T","A",166,0,18,0,"G",18,0.03125,0.0483870967741935,1,0,0.0232558139534884,0,15.7018023826495,0.000132352683806157,0.00039992967928376,"A2VD13.1","Pentatricopeptide repeat-containing protein 1, mitochondrial",0.314539572393098,"Eledone cirrhosa genome assembly, chromosome: 17"
"lcl|TRINITY_DN770_c12_g1_i3:48-560",192,"A",32,"A",24,0,1,0,25,36,0,1,0,37,0,0,12,0,12,11,0,6,0,17,18,0,3,0,21,20,0,3,0,23,"AGG","GGG","Arg","Gly",0,"C","G",109,0,26,0,"G",26,0.04,0.027027027027027,1,0.352941176470588,0.142857142857143,0.130434782608696,9.40924556733666,0.00038940128458671,0.00115479633069138,"Q8N9F8.2","Zinc finger protein 454",0.432778836564003,"Octopus vulgaris genome assembly, chromosome: 16"
